<edmx:Edmx xmlns:edmx="http://schemas.microsoft.com/ado/2007/06/edmx" xmlns:atom="http://www.w3.org/2005/Atom" Version="1.0">
	<edmx:DataServices xmlns:m="http://schemas.microsoft.com/ado/2007/08/dataservices/metadata" m:DataServiceVersion="2.0">
		<Schema xmlns="http://schemas.microsoft.com/ado/2008/09/edm" xmlns:sf="http://www.successfactors.com/edm/sf"
			xmlns:sap="http://www.successfactors.com/edm/sap" Namespace="SFODataSet">
			<EntityContainer Name="EntityContainer" m:IsDefaultEntityContainer="true">
				<EntitySet Name="cust_DesafioHomeOfficeG4" EntityType="SFOData.cust_DesafioHomeOfficeG4" sap:label="cust_DesafioHomeOfficeG4"
					sap:creatable="true" sap:updatable="true" sap:upsertable="true" sap:deletable="true">
					<Documentation><Summary/><LongDescription/>
						<sap:tagcollection>
							<sap:tag>Foundation/Platform (PLT)</sap:tag>
							<sap:tag>PLT - Generic Objects</sap:tag>
						</sap:tagcollection>
					</Documentation>
				</EntitySet>
			</EntityContainer>
		</Schema>
		<Schema xmlns="http://schemas.microsoft.com/ado/2008/09/edm" xmlns:sf="http://www.successfactors.com/edm/sf"
			xmlns:sap="http://www.successfactors.com/edm/sap" Namespace="SFOData">
			<EntityType Name="cust_DesafioHomeOfficeG4">
				<Key><PropertyRef Name="externalCode"/></Key><Property Name="createdBy" Type="Edm.String" Nullable="true" sap:required="false" sap:creatable="false" sap:updatable="false"
					sap:upsertable="false" sap:visible="true" sap:sortable="true" sap:filterable="true" MaxLength="100" sap:label="mdfSystemCreatedBy"/><Property Name="createdDateTime" Type="Edm.DateTimeOffset" Nullable="true" sap:required="false" sap:creatable="false" sap:updatable="false"
					sap:upsertable="false" sap:visible="true" sap:sortable="true" sap:filterable="true" sap:label="mdfSystemCreatedDate"/><Property Name="cust_nome" Type="Edm.String" Nullable="true" sap:required="false" sap:creatable="true" sap:updatable="true"
					sap:upsertable="true" sap:visible="true" sap:sortable="true" sap:filterable="true" MaxLength="255" sap:label="nome"/><Property Name="cust_resposta1" Type="Edm.Int64" Nullable="true" sap:required="false" sap:creatable="true" sap:updatable="true"
					sap:upsertable="true" sap:visible="true" sap:sortable="true" sap:filterable="true" sap:label="resposta1"/><Property Name="cust_resposta2" Type="Edm.Int64" Nullable="true" sap:required="false" sap:creatable="true" sap:updatable="true"
					sap:upsertable="true" sap:visible="true" sap:sortable="true" sap:filterable="true" sap:label="resposta2"/><Property Name="cust_resposta3" Type="Edm.Int64" Nullable="true" sap:required="false" sap:creatable="true" sap:updatable="true"
					sap:upsertable="true" sap:visible="true" sap:sortable="true" sap:filterable="true" sap:label="resposta3"/><Property Name="cust_sobrenome" Type="Edm.String" Nullable="true" sap:required="false" sap:creatable="true" sap:updatable="true"
					sap:upsertable="true" sap:visible="true" sap:sortable="true" sap:filterable="true" MaxLength="255" sap:label="sobrenome"/><Property Name="externalCode" Type="Edm.String" Nullable="false" sap:required="false" sap:creatable="true" sap:updatable="true"
					sap:upsertable="true" sap:visible="true" sap:sortable="true" sap:filterable="true" MaxLength="100" sap:label="externalCode"/><Property Name="externalName" Type="Edm.String" Nullable="true" sap:required="false" sap:creatable="true" sap:updatable="true"
					sap:upsertable="true" sap:visible="true" sap:sortable="true" sap:filterable="true" MaxLength="128" sap:label="externalName"/><Property Name="lastModifiedBy" Type="Edm.String" Nullable="true" sap:required="false" sap:creatable="false" sap:updatable="false"
					sap:upsertable="false" sap:visible="true" sap:sortable="true" sap:filterable="true" MaxLength="100" sap:label="mdfSystemLastModifiedBy"/><Property Name="lastModifiedDateTime" Type="Edm.DateTimeOffset" Nullable="true" sap:required="false" sap:creatable="false"
					sap:updatable="false" sap:upsertable="false" sap:visible="true" sap:sortable="true" sap:filterable="true"
					sap:label="mdfSystemLastModifiedDate"/><Property Name="mdfSystemRecordStatus" Type="Edm.String" Nullable="true" sap:required="false" sap:creatable="false" sap:updatable="false"
					sap:upsertable="false" sap:visible="true" sap:sortable="true" sap:filterable="true" MaxLength="255" sap:label="mdfSystemRecordStatus"/></EntityType>
		</Schema>
	</edmx:DataServices>
</edmx:Edmx>