{
  "welcomeFile": "webapp/test/testFLPService.html",
  "routes": [
    {
      "path": "/resources",
      "target": {
        "type": "service",
        "name": "sapui5",
        "version": "1.60.8",
        "preferLocal": true,
        "entryPath": "/resources"
      },
      "description": "SAPUI5 Resources"
    },
    {
      "path": "/test-resources",
      "target": {
        "type": "service",
        "version": "1.60.8",
        "name": "sapui5",
        "entryPath": "/test-resources"
      },
      "description": "SAPUI5 Test Resources"
    },
    {
      "path": "/odata/v2/",
      "target": {
        "type": "destination",
        "name": "SFSF"
      },
      "description": "SFSF"
    }
  ],
  "authenticationMethod": "none",
  "sendWelcomeFileRedirect": true
}